{
  "users": [
    {
      "id": "1",
      "email": "juan@example.com",
      "password": "123456",
      "name": "Juan Pérez",
      "language": "es"
    },
    {
      "id": "2",
      "email": "maria@example.com",
      "password": "abcdef",
      "name": "María López",
      "language": "en"
    }
  ],
  "tasks": [
    {
      "id": "1",
      "title": "Estudiar matemáticas",
      "description": "Revisar álgebra y geometría para el examen",
      "priority": "ALTA",
      "status": "PENDIENTE",
      "due_date": "2025-05-20",
      "reminder_time": "2025-05-19T18:00:00",
      "category": "ESTUDIO",
      "user_id": 1
    },
    {
      "id": "2",
      "title": "Lavar los platos",
      "description": "Después del almuerzo",
      "priority": "MEDIA",
      "status": "EN PROGRESO",
      "due_date": "2025-05-12",
      "reminder_time": "2025-05-12T14:00:00",
      "category": "TAREAS DOMESTICAS",
      "user_id": 1
    },
    {
      "id": "3",
      "title": "Comprar útiles",
      "description": "Cuadernos y lápices para el colegio",
      "priority": "BAJA",
      "status": "COMPLETADA",
      "due_date": "2025-05-10",
      "reminder_time": "2025-05-09T17:00:00",
      "category": "OTROS",
      "user_id": 1
    },
    {
      "id": "4",
      "title": "Preparar presentación",
      "description": "PowerPoint para exposición de historia",
      "priority": "ALTA",
      "status": "EN PROGRESO",
      "due_date": "2025-05-15",
      "reminder_time": "2025-05-14T20:00:00",
      "category": "ESTUDIO",
      "user_id": 1
    },
    {
      "id": "5",
      "title": "Barrer la casa",
      "description": "Limpiar sala y cocina",
      "priority": "MEDIA",
      "status": "PENDIENTE",
      "due_date": "2025-05-13",
      "reminder_time": "2025-05-13T10:00:00",
      "category": "TAREAS DOMESTICAS",
      "user_id": 1
    },
    {
      "id": "7",
      "title": "Lavar ropa",
      "description": "Usar ciclo rápido",
      "priority": "BAJA",
      "status": "COMPLETADA",
      "due_date": "2025-05-10",
      "reminder_time": "2025-05-10T09:00:00",
      "category": "TAREAS DOMESTICAS",
      "user_id": 2
    },
    {
      "id": "8",
      "title": "Pagar recibo de luz",
      "description": "Antes de la fecha límite",
      "priority": "ALTA",
      "status": "PENDIENTE",
      "due_date": "2025-05-18",
      "reminder_time": "2025-05-17T11:00:00",
      "category": "OTROS",
      "user_id": 2
    },
    {
      "id": "9",
      "title": "Revisar apuntes",
      "description": "Biología molecular",
      "priority": "ALTA",
      "status": "EN PROGRESO",
      "due_date": "2025-05-14",
      "reminder_time": "2025-05-13T19:00:00",
      "category": "ESTUDIO",
      "user_id": 2
    },
    {
      "id": "10",
      "title": "Organizar el escritorio",
      "description": "Limpiar y archivar documentos",
      "priority": "MEDIA",
      "status": "COMPLETADA",
      "due_date": "2025-05-11",
      "reminder_time": "2025-05-11T15:00:00",
      "category": "TAREAS DOMESTICAS",
      "user_id": 2
    }
  ],
  "goals": [
    {
      "id": "2",
      "title": "Hacer ejercicio",
      "description": "Ir al gimnasio 3 veces por semana",
      "priority": "ALTA",
      "status": "EN PROGRESO",
      "due_date": "2025-07-15",
      "reminder_time": "2025-07-14T19:00:00",
      "category": "OTROS",
      "user_id": 1
    },
    {
      "id": "3",
      "title": "Leer un libro",
      "description": "Terminar de leer 'Clean Code'",
      "priority": "BAJA",
      "status": "PENDIENTE",
      "due_date": "2025-08-01",
      "reminder_time": "2025-07-31T20:00:00",
      "category": "ESTUDIO",
      "user_id": 2
    },
    {
      "id": "4",
      "title": "Organizar escritorio",
      "description": "Limpiar y organizar el espacio de trabajo",
      "priority": "MEDIA",
      "status": "COMPLETADA",
      "due_date": "2025-06-10",
      "reminder_time": "2025-06-09T10:00:00",
      "category": "TAREAS DOMESTICAS",
      "user_id": 2
    },
    {
      "id": "5",
      "title": "Aprender inglés",
      "description": "Practicar inglés 30 minutos diarios",
      "priority": "ALTA",
      "status": "EN PROGRESO",
      "due_date": "2025-12-31",
      "reminder_time": "2025-12-30T18:00:00",
      "category": "ESTUDIO",
      "user_id": 1
    },
    {
      "id": "6",
      "title": "Cocinar una receta nueva",
      "description": "Intentar una receta internacional",
      "priority": "BAJA",
      "status": "PENDIENTE",
      "due_date": "2025-07-20",
      "reminder_time": "2025-07-19T17:00:00",
      "category": "OTROS",
      "user_id": 2
    },
    {
      "id": "7",
      "title": "Actualizar CV",
      "description": "Agregar últimos proyectos y experiencia",
      "priority": "MEDIA",
      "status": "PENDIENTE",
      "due_date": "2025-07-05",
      "reminder_time": "2025-07-04T21:00:00",
      "category": "OTROS",
      "user_id": 1
    },
    {
      "id": "8",
      "title": "Visitar a la familia",
      "description": "Planear un viaje para visitar a los padres",
      "priority": "ALTA",
      "status": "PENDIENTE",
      "due_date": "2025-08-15",
      "reminder_time": "2025-08-14T18:00:00",
      "category": "OTROS",
      "user_id": 2
    },
    {
      "id": "4b13",
      "title": "estudiar finales",
      "description": "estudiar examenes",
      "priority": "ALTA",
      "status": "en proceso",
      "category": "ESTUDIO"
    }
  ]
}